question,strong_answer,example_or_pitfall
What is a database?,"An organized collection of related data managed so it can be stored, validated, queried, changed, secured, and recovered reliably.","Do not define it only as “tables.” A database may contain schemas, constraints, indexes, views, procedures, logs, and metadata."
What is a DBMS?,"Software that creates, stores, queries, protects, and maintains databases. PostgreSQL, MySQL, SQL Server, Oracle Database, and SQLite are DBMS products.",DBMS is the software; a database is the managed data and structures.
What is an RDBMS?,"A DBMS based on the relational model, where facts are represented as relations and connected through keys and constraints.","A relational design depends on declared keys and rules, not merely a grid-shaped display."
What is SQL?,"A declarative language family used to define, query, modify, control, and transact with relational data.",You describe the required result; the optimizer usually chooses the physical execution plan.
"What are DDL, DML, DQL, DCL, and TCL?",DDL defines structure; DML changes rows; DQL queries data; DCL controls privileges; TCL controls transactions.,"Exact category labels vary by textbook and vendor, but CREATE, INSERT, SELECT, GRANT, COMMIT are typical examples."
What is a table?,A named relation whose rows represent facts at one declared grain and whose columns represent attributes of those facts.,"A good answer states the grain: one row per customer, order, or order line."
What is a row?,One tuple or record representing a single fact at the table grain.,"A row in order_lines is one product line within one order, not the whole order."
What is a column?,"A named attribute with a data type, meaning, allowed values, and NULL rule.",“status” is incomplete without permitted states and transitions.
Why do data types matter?,"They constrain valid values, control storage and operators, affect indexes, portability, precision, and application mapping.",Use integer paise or DECIMAL/NUMERIC for money; avoid binary floating point for exact totals.
CHAR versus VARCHAR versus TEXT?,CHAR is fixed length and may pad values; VARCHAR has a declared maximum; TEXT is variable length without a small arbitrary limit in many systems.,"Choose by semantics and vendor behavior, not the belief that VARCHAR is automatically faster."
What is a primary key?,A candidate key chosen as the official row identifier; it must be unique and non-NULL.,A surrogate id can be the primary key while a business key remains UNIQUE.
What is a foreign key?,"A constraint that requires referenced values to exist in a parent candidate key, preserving referential integrity.",It prevents an order from pointing to a nonexistent customer.
Primary key versus UNIQUE?,"Both enforce uniqueness, but a table has one primary-key designation and may have several UNIQUE constraints; NULL behavior differs by engine.",Do not assume every UNIQUE column is non-NULL unless declared NOT NULL.
Natural key versus surrogate key?,A natural key has business meaning; a surrogate key is a technical identifier independent of mutable business text.,Keep stable business uniqueness with UNIQUE even when using a generated id.
"What do NOT NULL, CHECK, DEFAULT, and UNIQUE do?",NOT NULL requires a value; CHECK enforces a predicate; DEFAULT supplies omitted input; UNIQUE prevents duplicate key combinations.,"A DEFAULT does not validate explicit input, and CHECK handling of NULL follows three-valued logic."
What is NULL?,"A marker for missing, unknown, or not-applicable information; it is not zero, an empty string, or the word NULL.",The exact business meaning should be documented per column.
Why does = NULL not work?,"Comparisons with NULL evaluate to UNKNOWN, so use IS NULL or IS NOT NULL.",WHERE value = NULL returns no TRUE rows.
How do aggregate functions treat NULL?,COUNT(column) ignores NULL; COUNT(*) counts rows; most aggregates ignore NULL inputs but may return NULL when no non-NULL input exists.,"COALESCE can change semantics, so apply it deliberately."
What is COALESCE?,A standard expression returning the first non-NULL argument.,"COALESCE(discount, 0) is valid only when missing discount truly means zero."
What is three-valued logic?,"SQL predicates may be TRUE, FALSE, or UNKNOWN; WHERE retains only TRUE rows.","NOT UNKNOWN is still UNKNOWN, which matters in nullable predicates and CHECK constraints."
What is the logical order of a SELECT query?,"Conceptually FROM/JOIN, WHERE, GROUP BY, HAVING, SELECT, DISTINCT, ORDER BY, then limiting. Optimizers may execute physically in another order.",This explains why a SELECT alias often cannot be used in WHERE.
WHERE versus HAVING?,WHERE filters input rows before grouping; HAVING filters groups after aggregation.,Use WHERE for order_date and HAVING for SUM(total) > 10000.
Why is ORDER BY required for deterministic output?,"Without ORDER BY, SQL does not promise row order, even when results appear stable in one run.","Add a unique tie-breaker such as ORDER BY created_at, id."
LIMIT/TOP/FETCH FIRST differences?,They limit returned rows but syntax is vendor-specific. A deterministic limit also requires ORDER BY.,LIMIT 10 without ORDER BY means any ten qualifying rows.
What does DISTINCT do?,It removes duplicate result rows based on every selected expression.,It can hide an incorrect join; fix join cardinality before using DISTINCT as a patch.
What is an INNER JOIN?,It returns matching row combinations according to the join predicate.,"The result cardinality depends on one-to-one, one-to-many, or many-to-many relationships."
What is a LEFT JOIN?,It returns every left row and matching right rows; unmatched right columns are NULL.,A right-table filter in WHERE can accidentally turn it into an inner join.
What is a CROSS JOIN?,It returns the Cartesian product of both inputs.,"Useful for generating combinations, but dangerous when a join predicate is accidentally omitted."
JOIN versus UNION?,JOIN combines columns from related rows; UNION stacks compatible row sets and removes duplicates. UNION ALL preserves duplicates.,UNION requires equal column count and compatible types.
EXISTS versus IN?,Both express membership; EXISTS is correlated and checks whether a row exists. NULL behavior makes NOT IN risky when the subquery may return NULL.,Prefer NOT EXISTS for NULL-safe anti-joins.
What does GROUP BY do?,It partitions input rows into groups that share the grouping expressions so aggregates can return one result per group.,"Every selected non-aggregate expression must be functionally dependent on the group or explicitly grouped, depending on engine rules."
COUNT(*) versus COUNT(column)?,COUNT(*) counts rows; COUNT(column) counts non-NULL values in that column.,"For a LEFT JOIN, COUNT(child.id) counts matched children while COUNT(*) still counts the parent row."
"SUM, AVG, MIN, and MAX behavior?",They aggregate non-NULL inputs. SUM and AVG depend on numeric type and may need explicit casting or rounding policy.,AVG of integer inputs may return decimal or vendor-specific type.
What is conditional aggregation?,Aggregating CASE expressions to compute multiple metrics in one grouped query.,SUM(CASE WHEN status = 'paid' THEN amount ELSE 0 END).
Why can joins inflate aggregates?,A one-to-many join duplicates parent values across child rows before aggregation.,Aggregate at the correct grain first or use separate subqueries.
What is a subquery?,"A query nested inside another statement that can produce a scalar, row, table, or existence result.",A scalar subquery must return at most one row.
What is a correlated subquery?,A subquery that references columns from the outer query and is logically evaluated per outer row.,"Optimizers may rewrite it, but you should still understand its cardinality and cost."
What is a CTE?,"A named query expression introduced with WITH, improving structure and supporting recursion; materialization behavior is vendor/version dependent.",A CTE is not automatically faster than a subquery.
What is a view?,A named stored query that exposes a reusable logical interface over base objects.,A view does not normally store rows; a materialized view does.
What are table and column aliases?,"Temporary names used within a statement for clarity, disambiguation, and output labels.",Use meaningful aliases in multi-table joins; do not rely on aliases where logical query order disallows them.
"INSERT, UPDATE, and DELETE?","INSERT adds rows, UPDATE changes existing rows, and DELETE removes rows. Each should be bounded by predicates, constraints, authorization, and transaction policy.",Preview an UPDATE/DELETE predicate with SELECT when operating manually.
What is a transaction?,A unit of work that commits all intended changes together or rolls them back together.,"A transaction boundary should match one business command, not an arbitrary screen."
What does ACID mean?,"Atomicity, Consistency, Isolation, and Durability describe transaction guarantees and responsibilities.","Consistency includes application and schema invariants, not magic validation of business meaning."
COMMIT versus ROLLBACK?,COMMIT makes successful transaction changes durable and visible according to isolation; ROLLBACK discards uncommitted work.,A lost network response can make commit outcome ambiguous; retry with idempotency.
What is a savepoint?,A named point inside a transaction that allows partial rollback without ending the entire transaction.,"Useful for optional sub-operations, but not a replacement for clean transaction design."
What is normalization?,A dependency-based design process that reduces update anomalies and represents each fact at the correct grain.,"Normalization is about functional dependencies, not merely splitting large tables."
What is 1NF?,"Columns contain atomic values for the chosen model, rows are identifiable, and repeating groups are removed.",Atomicity is domain-relative; a timestamp may be one value even though it has components.
What is 2NF?,A 1NF relation has no non-key attribute dependent on only part of a composite candidate key.,"The issue arises with composite keys, such as order_id plus product_id."
What is 3NF?,A 2NF relation has no inappropriate transitive dependency of non-key attributes on candidate keys.,"Store customer city with the customer, not redundantly on every mutable order unless it is an intentional snapshot."
One-to-many versus many-to-many?,One-to-many uses a foreign key on the many side; many-to-many uses a junction table with two foreign keys and relationship attributes.,A student-course enrollment table may also store enrolled_at and grade.
What is an index?,"A data structure that provides an access path for locating or ordering rows, trading storage and write cost for read efficiency.",An index is not a copy of every query result.
Why might a query ignore an index?,"The optimizer may estimate a scan is cheaper because of low selectivity, small table size, stale statistics, functions/casts, mismatched order, or missing leading columns.",“Index exists” does not mean “index is useful.”
What is a composite index?,"An index over multiple columns whose usefulness depends on column order, predicates, ordering, and engine rules.","For equality on tenant_id and range on created_at, (tenant_id, created_at) is often suitable."
What is selectivity?,How strongly a predicate narrows rows; highly selective predicates match a small fraction of the table.,A boolean status alone is often low-selectivity.
What is an execution plan?,"The optimizer’s chosen operators, access paths, join methods, estimates, and costs for executing a statement.",Compare estimated and actual rows using the engine’s safe plan-analysis tools.
What is SQL injection?,Untrusted input changing SQL grammar when code concatenates data into statements.,"Use parameterized queries; parameters protect values, not dynamic identifiers such as column names."
What is least privilege?,Grant each identity only the database capabilities required for its job and no more.,"Separate migration, application, reporting, and administration roles."
Why use parameters?,"They separate SQL structure from values, improve safety, type handling, and often plan reuse.",Do not quote placeholders manually.
Is SQL identical across databases?,"Core concepts are shared, but syntax, types, NULL behavior, functions, locking, limits, and optimizer features vary.",State the target dialect when giving vendor-specific syntax.
How should you answer an SQL interview question?,"Clarify assumptions, state grain and keys, give a correct bounded query, discuss NULLs/duplicates/order, and explain how you would test it.",A short correct answer with assumptions is stronger than a long confident guess.
